[
    {
        "PO_Number":"123",
        "Date":"14/09/2020",
        "Amount":"20,000",
        "Loan_Type":"Financial Loan",
        "Company":"PLDT",
        "Number_of_BOD_Approved": "3 out of 5",
        "BOD_Approval_Status": "Pending"
    },

    {
        "PO_Number":"124",
        "Date":"14/09/2020",
        "Amount":"20,500",
        "Loan_Type":"Financial Loan",
        "Company":"PLDT",
        "Number_of_BOD_Approved": "1 out of 5",
        "BOD_Approval_Status": "Pending"
    }
]